ccode,10,11,12,13,14,15,16,17,18,19,20,21,22,23,24,25,26,27,28,29,30,31,32,33,34,35,36,37,38,39,40,41,42,43,44,45,46,47,48,49,50,51,52,53,54,55,56
NR,-2.518614639999996,-14.87510304,3.377542340000033,-25.734138939999994,-23.51792245999998,-19.618169779999988,-16.462246379999996,-15.973937600000017,-14.29814353333333,-18.261912119999987,-17.64663772,-8.482250459999989,-12.699323420000011,-12.950769160000007,-2.5999649999999974,5.365501700000009,-2.3112728599999883,-0.7372299800000093,1.2975897400000065,11.164644819999992,-0.5867027000000036,6.475246439999991,4.0300845800000085,5.467807625000006,7.226682150000017,-0.03061483999999837,-0.2945783799999901,5.302865619999992,11.355363400000002,12.13423623999998,24.19831043333333,8.992939959556125,8.399768584269424,6.798664169182117,14.602023377483548,8.725144589852036,9.345622359103814,-3.6035743010436647,6.063552595509307,7.4583942698347,11.236785174239431,6.140032747109133,20.62755295274212,9.628644139999992,6.7826915063284465,-2.977925114102163,18.048963720893372
WR,5.944994059999999,-5.4767631600000035,8.035329419999982,-30.79302278,-36.83218229999999,-32.975826080000004,-23.42516356,-26.62030018,-25.13497292500001,-22.877608999999996,-21.0116917,-19.291674959999995,-16.44360232000001,-22.19337058000001,-17.396526024999982,-15.106561239999973,-12.357274700000005,-4.510550920000013,-12.605441700000016,-11.632805259999984,-10.162775320000009,6.498923740000008,-2.011183079999995,-4.634421350000012,-9.426738599999991,-9.63281816,-2.966354920000001,7.505930700000007,3.7753222399999933,3.5083092800000064,7.4011768333333245,10.913703563835227,5.416099991669327,9.247170045815793,28.8511085932974,10.599124107868759,10.284369493791928,-3.0678093389017675,4.149047546780538,7.157735128949683,5.109976686689848,5.844579032744647,10.209370813705917,12.872474100000005,6.069833301803442,8.755174936110961,15.46307368743575
CH,-10.09647971999999,-6.570598739999994,-10.573341119999997,-14.414460919999994,-12.169359340000018,-11.894307774999987,-14.10185,-5.022359675000004,-1.321677399999999,0.4194911599999927,4.645821980000008,-4.580607349999994,2.7790267499999857,4.001659525000008,2.2544975499999964,-1.5760206999999866,2.8132180799999844,2.5695068999999933,10.609201560000002,11.58168388,3.1784433599999886,11.943383450000011,6.205727759999987,15.164677475000005,7.297535975000002,2.3555455999999992,4.38336769999998,11.754891980000009,13.435991060000019,1.1809481599999856,7.906129119999988,11.46278809042984,7.179069487910226,4.5502218028228745,7.277804635343088,8.093003894631451,9.79987493031227,4.953715059971174,1.5253645220037129,10.720329002540764,10.470993085186734,18.078484005463707,28.495621138779317,14.091107933333348,9.762781508414447,16.318781836101135,13.860691517657061
India,0.7505952000000065,-7.885886460000008,1.9913306800000183,-26.227134079999985,-29.41838218000001,-27.78659930000001,-18.650316380000007,-23.946628160000003,-22.989695899999997,-21.41944106,-16.501513999999982,-15.055788119999988,-14.403838919999998,-17.08264991999998,-9.844997700000008,-5.067498380000019,-7.631874920000001,-2.989791519999997,-5.400361960000012,-2.493261799999999,-5.9714403200000135,2.178369180000004,0.2700148200000001,-0.2703687499999887,-3.7952568599999954,-5.809826439999995,-1.845164260000004,1.8383814199999904,3.2906898399999847,5.614474040000019,10.825600366666665,10.36395164920782,3.939439050204357,7.928339985146509,15.204938495051069,6.9662945117532615,5.648934810721599,-3.500897389230829,1.8182583336374307,3.783484945925977,3.611948014673814,5.073629164529309,5.619368986434409,7.077314660000013,1.6454709047119709,5.872446189141911,11.425403566111171
Shikoku,-1.0015401200000156,3.273464460000014,-2.672245099999998,1.185660299999995,7.215758820000005,-1.8359154000000049,7.6579104199999914,-2.781601219999999,,-5.823097649999994,-2.3606015800000084,-3.7692951200000095,-2.018927599999998,-2.7089920199999824,-3.371638499999989,0.1369727400000187,-0.6584625400000022,-0.97201278,-3.829739840000016,-5.622044549999997,2.2721527333333427,-1.1579363200000046,-1.7345890400000032,12.055887166666679,0.3143896499999954,9.425477060000006,4.752048799999997,2.45182432,-0.8617070749999982,-5.980312766666657,-8.306027,0.39260153769376416,-3.4444349430364842,-5.638311341696408,-5.6473165171160105,-4.753427448604043,-0.10719126153091453,-0.037908480473092254,-2.6255540577806897,-0.8813049128512063,1.8899473730710952,-5.397839299563046,1.3579605205540162,0.85929586583147,-0.21228412674220465,7.978299144234228,10.729447257643317
Kyushu,-2.357413539999996,2.3040824800000053,-3.344985899999997,-0.11020652000000553,3.2551775000000163,-1.8342427600000093,-2.4638929600000097,-6.710236959999988,,-12.140707300000004,-5.5365895400000085,-7.83491454,-2.304172899999997,-7.548860099999999,-2.2288179800000023,2.949435679999993,-0.9888792200000012,-1.6120434000000046,-0.4324569399999945,-1.212994100000003,1.4667776999999944,0.17292550000000514,2.9188740799999953,2.218621599999992,0.01119607500000086,2.3061204800000037,5.047102179999996,-0.9315390200000024,-0.21350572500000453,5.4208527333333185,-8.555977659999996,-3.9851651729831294,-3.236507913379029,-4.316749537517978,-1.3520986001722406,-1.9246030462036716,0.4765861672830596,-0.00695302122514363,-0.012668637767887958,-1.9798113067828496,0.7924891910967773,-3.9333901611003768,5.034695185036725,,6.675381669488728,7.66793640837497,10.246270729440397
NO,2.4883438799999884,8.229924720000014,-0.7299213800000217,3.9482302600000025,0.13474631999996234,13.369213099999984,6.76011514999999,-2.3567030250000016,0.32443316666667954,4.3411063799999985,-12.453565550000008,-12.757275475,8.858040749999986,-2.4138512000000105,2.2938774499999965,1.9278895000000065,-0.03765998000000082,2.0296214599999867,-8.020741580000006,0.5278579000000008,-5.251639679999997,2.3213943400000114,-0.24016416000000615,10.6972818,7.013509975000005,-6.746180140000009,9.795676699999989,-2.3792448000000093,7.446822720000013,6.349721720000019,15.010969339999988,8.318145650580306,-0.3855834632984454,-9.877823546585574,2.887544618711374,13.272432187855301,1.0153119495226264,4.725835733223917,-2.134825317512167,-5.0873540772066415,2.7032690780857536,4.360074851129924,18.713735486197752,-4.166327066666682,-3.0457559858099903,4.50974500957075,9.28783694966526
DK,-0.06267726000001518,3.3509523600000084,-0.3580067600000092,-6.380208320000008,2.526804479999996,5.2054204333333445,0.7419701999999972,-2.947688124999985,0.5170844200000033,-0.6072788000000031,-3.191321674999997,-4.8089507250000025,7.170311699999999,6.159877725000001,-0.904385600000012,2.753859460000001,0.3955293799999993,-0.15225954000000286,-1.1019251399999916,-0.2039530400000018,0.16814190000000906,-0.1938613799999871,1.012388219999977,6.898996899999999,5.418276225,-0.8260332000000119,1.9654789000000081,0.4017484200000041,4.052275000000009,-1.1245126000000027,0.17735998000001985,2.632581982012041,0.014464644598689347,1.6254027716267532,6.632433234072592,2.228492733799172,3.8699851651650334,1.8989145771450782,1.0135063621389122,1.0419649030896352,2.9460010885302523,5.21363884034038,7.045184743495739,-3.4693952000000086,2.645394327560496,4.6032657363192575,7.483607930962279
HR,0.4351593399999985,1.2903239999999985,-1.0771268799999945,-3.888022540000009,-9.510955039999985,-13.463168440000004,-17.250483400000007,-14.974927933333333,-14.703263933333332,-15.441731559999996,-12.521546380000006,-9.15839314,-11.84885023999999,-3.7436783599999903,-5.1662345999999815,-9.639675124999997,-8.126489549999986,-6.732026560000008,-9.506496080000003,-2.442863619999997,-4.844503540000005,-5.743808780000008,-1.7908908999999935,-2.4406102000000094,-3.090131400000004,-6.298756640000009,-7.516793700000008,-2.2867123799999973,-1.5993059399999794,-4.014643800000002,-2.141632659999999,-1.4369853220955378,1.7730961045601958,0.5989116984098928,2.7294174994916744,0.9854168014869628,-2.522046897851681,1.1844516472350222,-1.2972029710084882,1.4583062936415845,0.11684161499161405,-5.279870510627077,7.882179405116304,4.6386011333333395,-5.226972807542452,-5.175680551304198,6.730145453445103
ER,-1.9097048000000143,-7.095400999999995,-0.3831203000000016,-18.169115859999987,-23.87130310000001,-16.299314319999993,-19.857292740000005,-28.33907406,-18.499255700000006,-19.970090419999988,-10.041944759999991,-21.802382525,-14.084499239999984,-8.395848700000002,3.440014875000003,0.004388659999989386,-4.3327455000000015,8.521620680000012,8.215140700000006,0.7972968400000013,1.7545717400000034,0.7758503399999768,-3.981400959999988,2.740659900000012,-4.454164739999996,-4.096150719999997,-0.8493272799999971,-2.1962489399999896,-1.8289806599999991,-0.3559419400000081,11.3849802,15.968693833743856,7.918533261896954,11.12217818082226,-3.719252777930805,-2.7150030024212843,-1.5573088943886404,-6.599813051763164,-5.723962519125821,-6.100669625708193,-2.5982006162970777,5.2250306737367405,6.978807872908008,2.8379815599999887,2.669287770846765,2.476422231228767,6.481563051291503
FLA,-4.618062999999992,-1.1425440800000075,-1.0643184400000079,-3.689468200000008,-4.43443542,-3.3597819599999923,-0.6534520799999797,2.4937086400000084,-3.3316786400000065,-4.294921080000009,-11.664452440000005,-4.28630896,-0.8947033399999924,-1.0833929200000083,-1.0404937999999928,4.6045084799999785,3.741203740000003,5.5033864999999915,-0.7056892399999981,-1.7314071999999925,-3.160412640000004,3.1210703800000066,0.4568412400000028,-1.466733960000013,8.024243100000009,2.758983480000012,9.769740475000006,2.6807037250000008,2.220662260000012,3.6806224200000064,8.647093859999998,-0.017771660931813926,-4.073612846307442,-4.85355216635574,7.6072316407048675,-0.7246793542266516,-1.7324821527576546,4.21582899827429,-1.1913815606538236,-4.197784743174154,-1.9127416927755831,-2.4055101583076213,6.170982733387319,4.826800333333338,0.6883130257933914,2.4059287920152173,6.023766054662744
Tokyo,-0.07419511999999884,1.8061765000000063,-1.0691375000000107,-2.559665539999997,7.3412460199999865,-4.160321719999999,-1.5819045199999948,-5.668779279999995,,-15.049845849999995,-10.89700166,-5.370202820000002,-8.004319199999998,-7.170614040000018,-3.7411979600000085,-0.048574360000017684,-4.916891060000012,-4.614750040000004,-3.4943355199999933,-0.3925865500000043,-3.0658430333333366,-4.3916042399999915,-2.6933247400000084,3.4945412999999945,-2.465819300000007,2.806257200000005,4.471708119999988,2.754790299999982,-5.222319100000006,-3.6426684333333266,-6.10630350000001,-1.9940395287794388,-2.487006918873675,-0.07275169782386115,-1.9044530383012277,-0.6029651887864702,0.5046034494907445,-1.4711626852136843,-0.7509993369299508,0.34659581582590704,1.972965586174084,-1.7817818959063203,7.0780997142908575,3.6915008423846976,-1.7080240063385332,7.1019501538089,5.950919837542926
TR,12.531226200000004,3.4922716600000143,3.5857373200000215,-4.2290066399999935,-8.518797820000017,-12.29756682,-17.550691819999994,-18.323229533333333,-10.30872930000001,-3.260178899999985,-15.980322880000005,-20.240154500000006,-10.863662524999995,,-7.2369990400000015,-6.754179625000006,-0.799218499999995,-11.394085879999974,-10.522807659999984,1.7929148666666634,-1.963174219999999,-0.8613667000000049,-9.508412419999985,9.243555,-0.8900016500000021,-1.9964786999999973,-6.685040859999987,0.979370700000004,3.0337274200000053,6.119959019999996,7.789776059999981,9.946818875187418,2.9211834828169287,4.397670170295285,5.841859447030259,12.24638080719349,3.0231030824826632,3.364780545980821,-1.7322138831890754,-1.0909207019240057,-2.0089416274969807,7.074174016266313,0.28532309572129577,9.832480299999986,9.726942598261543,11.464232109691777,5.748637416414142
FR,2.9125816400000133,2.2335406400000157,-8.640207720000006,-20.78893319999999,-17.70850105999999,-9.985560539999994,-22.372865475000008,-7.4857165000000085,-12.83137193333333,-9.742635433333334,-16.902456639999983,-8.686791200000002,-1.269043400000001,-5.4550925999999995,-2.7494378499999925,-8.410968060000016,-6.312912919999974,-10.386650860000003,-4.901490139999994,-5.963687824999994,11.037109139999998,0.9416052400000012,-7.5338399599999955,1.8747261999999976,-0.8036968749999858,-5.938421480000002,-1.1052692000000093,-0.3620618199999939,3.942119859999991,-4.356984220000015,5.291779539999993,3.8585304404935528,0.4071452663475128,6.322329943952455,4.925023721583102,-4.90507962056175,-4.097058365542722,-6.763290633544044,-5.794753854641826,3.8657906316279735,-0.9302069123357909,0.6299476991061397,6.2719434091497135,-0.7849887333333214,-2.5754424206760262,6.247160101996768,5.740110036839112
Chubu,0.39461588000000347,-0.3631975399999874,2.2174935333333394,-2.769854200000012,-3.0282291800000114,-3.4623384399999964,-0.010772320000000946,-0.9971123199999994,,-15.459681899999993,-9.735952059999988,-9.137949980000002,-7.342739449999996,-8.340999640000009,-2.8997567400000013,-5.257768319999997,-3.6045056599999863,-10.720696740000008,-8.566811580000008,-7.053386524999992,-4.974004166666674,-7.871494860000013,-10.131826860000004,-14.944785600000017,-10.35808215,6.664308919999982,9.359395060000011,4.31068894000002,-3.676212424999989,0.6889611000000002,-5.378119379999987,1.2062114700279525,-3.3232087387261804,-1.0180897484770526,-0.7682222161568575,3.709274422841944,3.094675643101482,-2.3886942803126487,2.558999563215707,-0.293489630672056,1.2525763499848352,1.5545292860917923,8.707689258602443,,-1.5896380458414967,0.7322927065461045,5.114257312102225
SE,-1.7253328400000072,4.4776993999999775,1.1657567599999936,-2.859219559999985,2.9928813599999984,6.400294399999979,0.7764054666666595,-5.696194575000009,-5.15242196666668,-1.089404039999991,-9.944021980000002,-13.28870040000001,-1.2703422000000018,8.758114999999991,-5.582114320000002,-5.692613200000012,-3.958170539999984,-1.4663234400000107,-10.164224800000001,-5.0339874200000025,-12.157242019999998,-1.8884721399999904,-1.4374172599999897,4.148946749999993,4.958294949999996,-10.485288580000002,1.4203750399999817,-2.5451796399999864,5.808168500000009,4.376868400000006,8.035960579999994,3.1798892343128102,-8.8607625947956,-1.2223526806415634,5.575049056244524,7.495399110627716,3.6148660820402516,-0.20998928022154928,-1.1162967481080417,-3.523503075581175,0.8130880127890094,1.7747716948522907,8.331625677359696,1.541365799999994,1.6034291247486294,-2.594337940814881,4.845256006975474
Japan,-1.094075679999989,-0.008268719999989571,-2.1859940999999883,-1.5802952800000014,2.9070882200000057,-6.9691890799999925,-2.060468139999984,-6.534894879999997,,-16.400774,-9.002158019999996,-5.966945680000008,-8.904788059999989,-7.232974559999987,-1.962921140000006,-3.2902207000000065,-4.379561940000016,-3.7687865600000094,-0.9339847399999996,-6.115695875,-1.8358279333333485,-5.037408540000001,-6.033526979999976,2.7076678999999904,0.2740457499999849,4.229015420000009,4.211958540000012,0.5796383599999899,-1.2015973250000087,-3.3037186333333324,-7.752633119999999,-1.6308926549425706,-1.4802248976109669,-0.34354590750326963,-2.1646719422159606,0.9218041286259648,0.555576540314334,0.4397238661775873,-0.3714541652113894,0.8504844579438497,2.4022024244841447,-3.585471010011787,10.040187699112408,8.198295950766578,-4.473291019879284,5.397951122090562,4.664066079928774
Tohoku,3.0463866799999835,-0.7128550800000113,-1.1232966666666755,2.915463499999987,-1.8420999800000004,-6.380562699999999,-2.492575119999998,2.986302540000011,,-10.453879099999996,-6.676579099999998,-3.2765897400000057,-5.6808029399999915,-4.2252203200000045,-1.0764172199999962,-1.7311414600000037,-5.37400246,-4.572099879999996,-2.476898079999998,-8.772346124999999,-4.211228566666676,-1.4830277599999988,-12.876965080000005,-4.5500168333333315,1.7785952249999897,9.196105820000014,5.473822800000021,1.8409120599999935,-1.4420914750000122,-1.7075764666666655,-4.200230199999994,-0.06089123139452113,0.0905662694531202,3.311180359514438,-0.6190048452349828,4.287408795103303,1.002140606292386,1.868829523817567,3.170173884373412,2.612746641147524,0.4383507395936448,3.1165496324038884,12.330866493177895,1.7966290796949385,-3.500658240001698,5.90287246684224,4.214014173113866
HU,3.3633614799999805,2.440728425000003,-2.469768099999996,-2.651043200000004,-14.07551126,-14.065522850000008,-14.174806700000005,-14.150712900000002,-11.88512883333334,-13.056990999999995,-11.090424440000007,-10.3108998,-11.131416099999996,-7.737838549999991,-6.354740325000009,-7.21849585999999,-7.284270579999998,-3.3270534199999986,-2.5443387600000023,0.7893487000000051,-2.2781101399999955,-2.278645199999985,0.19843417999997826,-0.7084295999999881,-2.687356533333329,-7.6914841800000024,-4.846928540000008,-1.7487238199999953,1.6284442000000183,-1.2899686800000012,5.060976999999994,1.3590197821309715,5.460177386688841,0.6775475179619689,2.5611757580203545,1.2492813679662758,2.5831547953879266,1.374613927550513,2.9329192519633267,1.0671101341035865,2.3070439030681484,7.454648931791624,15.402422593040571,5.52664776666667,0.6301712051887165,-0.4379258302401468,3.6010957789399503
PL,0.44633404000001065,0.4955295999999834,-7.4942559599999905,-12.240018699999993,-11.098994940000011,-11.970377099999993,-16.177069325000005,-10.655434674999997,-3.6627419999999935,-8.605945919999982,-12.077210800000005,-9.84120532,-6.840587380000002,-6.740994059999991,-10.453585375000003,-1.911853199999996,-4.059319000000002,-1.8018608400000036,-1.5808581000000004,-1.6658698199999975,-2.239930179999988,-1.953908719999987,-3.652528399999994,4.199961199999991,0.7344752499999885,-3.1178192600000045,-0.32219716000000176,-1.4937635399999891,4.260990719999995,2.4585112400000066,2.588242919999999,1.4534657192925238,3.6462590995151913,-0.18170579362663372,7.297760253475302,-0.35517099217052817,-2.531958586303148,2.288829987686753,2.6832523757117883,1.9813249294865332,0.3209339250462904,4.031928405113703,18.140785779273955,4.732571100000001,0.0853635786665734,0.6776056336699128,3.58529367631877
CZ,3.4797196600000007,4.292731399999994,-0.9713882800000136,-9.215347120000018,-11.440381200000019,-7.685084049999987,-15.200031233333346,-14.934555250000004,-10.112391100000009,-10.463329866666667,-10.15039222,-10.431599320000018,-8.1373495,-9.329417800000002,-8.997708360000004,-6.6143063600000005,-5.746501539999998,-1.2885495250000076,-4.055415074999999,-2.5069567799999963,0.8943496000000124,-2.5011315799999916,-6.871870740000006,-0.5679480499999983,-2.4078659249999963,-4.2628766600000025,-2.3659679200000028,-0.4135521599999947,2.7886781199999855,-0.5969243800000044,1.3882738500000045,-2.1930878590849545,0.7352272633292785,0.7632100627116074,4.875695441708743,0.10279550191208386,1.8876644493945636,-2.15486941691276,-0.3181930181278005,0.29144101637179176,2.00932059184602,9.014115487729184,17.857575308755003,0.04627226666667639,-3.575505762075224,-1.0067389180613162,3.1973978992132004
CAR,1.003751820000005,0.5901879399999928,-8.692956339999995,-8.46982808,-9.251631919999994,-10.681579060000004,-6.836785160000005,-5.515666600000002,-7.164974960000008,-9.06586052,-3.577199120000003,-2.3432443399999983,1.052548339999987,-6.0353797199999955,0.48787308,-4.024126819999991,-0.9137223800000099,3.314539499999995,-4.290513600000011,2.9538094399999864,-0.012431819999989102,-0.4238106200000118,0.5007563599999969,-0.4363349400000232,-2.999312020000005,0.3985661399999998,0.2452023750000052,-1.2967278749999878,-1.5136861800000077,-3.3556886799999863,-1.5892711200000065,-2.958297731752978,1.4802592186733676,-6.811755644785137,-1.4371164392558455,0.5755743543316925,-2.899266500062623,0.7782989967410003,-2.4750198139015684,2.454003366191742,4.001305030064842,-0.23171097806512364,4.661084791699622,24.530088133333322,7.523377226391133,5.057178352437774,3.126454098785985
Chugoku,0.646760499999985,2.6538560999999987,-2.9252015666666717,-1.7296209399999896,1.1855425599999876,-3.8938079400000016,-0.5593026800000018,-5.6422501000000125,,-19.260294399999992,-7.059824620000014,-8.42422624000001,-8.509922739999991,-6.6979519599999975,-2.418044500000008,-3.635072900000012,-7.146802820000005,-6.007213959999987,-0.4852028199999978,-4.532090250000009,-5.766398433333336,-1.5978359199999943,0.6588976800000097,3.817148166666655,-5.2253549500000105,-0.12365712000000427,1.9025898000000157,-0.9387839999999984,-1.3680923750000034,1.2433415666666718,-5.912104080000006,-2.1137546566632612,-4.007078627829841,-6.039193836101887,-4.532904483612724,-5.437186155378982,-3.2170290633096954,-2.277658660716384,-1.7432812937461506,-6.014223620722832,-1.2094323043739197,-5.49172615340423,2.0275774506825144,-0.9102590656417248,-6.534641144178423,1.8230369292724757,2.334610564293115
UA,-3.8581673999999992,-4.515028220000018,-13.083259799999993,-13.446062519999998,-14.851958579999987,-15.845827779999993,-15.525796500000013,-20.126158933333343,2.6797125999999882,-15.469429550000017,-19.408293440000012,-17.80898696,-13.134189020000008,,-17.16147495,-10.842319175,-9.569138050000008,-10.861013025000005,-4.031484020000009,-3.8499323199999935,-5.0575496000000015,-1.5239639666666704,-5.121362779999998,0.26217317500001514,-4.675663775000004,-5.2503909500000105,-5.251804080000014,-5.0079288200000045,3.2438260800000047,0.3689734750000042,,-5.202601360437313,-2.6975958092077974,-5.281277706322271,5.753232370507064,-5.224034564935066,0.6583942011378525,1.5371468092043872,4.402142633596924,0.3646048402671481,1.4386041279016837,3.97562403273264,-1.5566121178377728,15.92915183333335,-6.067646501887013,-8.352608227592157,2.147546046807008
LT,0.10830900000000554,-0.006308933333315281,-5.265979680000015,-9.811554420000009,-10.07007467999999,-10.47267574,-17.6981598,-12.411687599999993,-8.050474899999998,-8.103986879999994,-12.296712119999995,-10.518132539999996,-8.97753342,-8.995548700000015,-3.1429597000000205,-6.6869658800000025,-6.84147706666667,-1.7508573599999977,-2.3828861249999993,-2.9756593400000213,-2.306961459999997,-0.8249587200000121,-1.3458429800000005,1.1766836000000043,-2.7705165499999964,-3.978122319999997,-0.9558615200000132,0.9732796199999996,3.330969699999997,2.56786004,-4.544287539999999,-0.9667354771597588,0.8362610057353095,0.05478901486168297,7.366229424116624,1.968953091679154,-4.451843900686272,0.06369335338128224,-1.4632314708593128,-2.3551305958684448,-3.874247139015665,0.5645854454518542,6.0233917275552225,-0.30463529999998684,-1.3718995879372642,-2.7553984059662757,1.9662809081363548
PT,12.60516702000001,2.803079740000001,-4.199512240000004,-14.49997522000001,-14.00751092,-14.293568825000007,-19.821500175,-9.646948425000003,-15.559281833333348,-11.01695509999999,-15.40048745,-12.739834459999983,-10.174406900000008,-8.556283059999998,-14.82102119999999,-6.678974400000001,-5.841788119999991,-6.5758414000000025,-4.061618479999994,-0.6291295799999972,-1.8647262599999976,2.72868622,0.7138485800000041,5.028627575000002,-0.4543773250000101,-1.1575476000000011,-5.619911799999998,0.5892656999999986,-0.4036524400000019,-0.42810328000000203,-5.2640663500000064,-1.6596339618334497,-2.680273369404901,0.3368537055009426,-5.445297358356299,-0.6138869321368361,-2.8632365318830035,-5.987549195801962,-9.067831935330391,-4.282492998488124,1.95227879604181,-3.283620558783681,10.4694188848639,7.409724966666674,-0.3812489790868057,1.662206084173576,1.9317237505557188
EE,4.137064300000007,3.8490406399999837,-3.1889109199999983,-3.659317919999978,-6.9542390400000045,-3.5579470000000133,-5.916238425000002,-11.790772259999983,-3.8100808666666666,-6.781055860000008,-9.634751679999994,-13.299330859999998,-8.477250840000009,-4.847357340000016,-5.359853040000004,-2.8673168599999883,-5.429556800000015,1.9092236800000109,-0.0918886399999792,-5.972837380000001,-6.9459557200000015,-4.4060067199999935,-5.430121680000013,-3.2851642249999884,-7.970132400000012,-8.51565706000001,-2.521147200000001,-2.9292958200000068,4.115775960000009,0.8759139999999945,-0.06697576000000538,-1.3796479957302663,-5.613986226629592,-4.0345485344320915,6.398174184079906,1.1985166731063115,-1.7572066948321352,2.3304597951605075,0.6017436741322797,-7.735877369271378,-4.7457189720898745,3.8563206068027824,5.974843808021916,-3.906229033333332,-3.8574640570018346,0.8917132423204492,1.6244262499438946
Okinawa,0.11585391999999214,-0.3028430199999974,1.0896658999999858,0.4266300800000096,0.9261210599999856,-1.762229600000012,-3.3657654600000058,-2.0841753799999907,,-11.726185049999998,-6.814720839999992,-3.664509339999995,-2.6525937199999987,-0.3302716400000065,-0.6425892999999974,2.5265144600000013,4.1099415199999925,0.19042989999999804,1.798177620000004,5.2219029500000005,0.28437839999999426,1.3072028000000129,-0.37145325999998136,-1.2329087666666678,1.8220207499999932,-1.6955378800000034,-5.645634759999992,3.0694103400000188,1.4612438999999997,6.859253333333343,-5.594832060000017,0.4860972969060526,-0.9404587294000492,2.760115392084117,-3.0647420639953817,-2.5544563308018406,0.4645524548778184,-1.5806868372992111,-1.9853451768782973,-2.2371310524737003,1.520318598862275,2.880589532600112,2.3809227230213708,-0.1535781870606172,2.3717569456883183,6.069119036649326,1.4370858194795488
RO,-0.17012372000000653,5.163753679999999,-7.5576771000000065,-5.266722119999983,-10.8303892,-15.186405480000005,-15.864620524999992,-23.73520020000001,-3.7590324500000074,-11.810564960000008,-12.300403020000005,-9.383604640000016,-9.89651456,-9.285118299999992,-7.521095299999999,-8.359726925000004,-7.794271899999997,-6.781103419999994,0.3991122799999971,-2.4571969000000142,-3.4238304800000066,-4.6119968,-1.4249449999999941,1.2142585999999935,-1.955075600000015,-4.178484399999988,-1.8187170999999864,-0.9735749599999934,1.5203739800000022,-0.31328573999999776,1.8964087799999876,3.644041824434965,1.584195006674307,-2.604285840605627,2.058686310149824,-1.6215320263502375,0.2336106988401809,0.8716904834905819,-1.4253668106724433,7.20679479670008,-0.2224356955806286,6.222300663750175,11.573229500282253,10.49404319999998,-0.28819762056478737,0.7382983127060925,1.4209371789795284
SK,3.655287680000015,0.5248931199999873,-4.356166700000003,-9.966283720000009,-17.757300100000013,-14.929755625000013,-16.656952199999992,-15.860950125000002,-10.956467900000007,-12.596292366666674,-9.388801739999991,-10.614767360000002,-11.094031900000004,-8.628199479999992,-5.5818875599999975,-8.053776819999996,-5.962275039999994,-3.3717742749999933,-2.288920359999992,-2.766720119999988,-0.09432019999999852,-2.612114680000005,-4.804535000000001,-0.3253064749999908,0.17835589999999968,-1.7552505999999966,-4.440019475000014,0.6754454600000059,0.18898525000000174,-1.746089899999987,2.391568019999994,-0.7019737122292327,1.6747462517137564,-0.8395228317593819,4.270128157278208,-0.7983312396810334,1.875990116397091,-3.3549640187126077,-0.38866356093276977,2.485644409091023,0.8471886450444259,-0.6228981053270388,13.234763500096063,1.0541465000000017,-6.762628897067102,-3.599435314213736,1.3020151590525444
Hokkaido,6.385911859999991,0.20237542000000985,-3.7899338666666718,-0.3523248200000211,-0.11010363999999127,2.137405799999996,-5.368503639999986,-2.3393114799999917,,-8.674910999999994,-0.9997780399999954,-7.298548479999994,-7.088270449999996,-1.83378485999998,-1.7223826400000064,-0.6994270800000209,0.3081527200000238,-4.489899439999988,-0.5471535799999856,-3.213115349999996,-0.6580183000000233,4.291211379999994,-8.167981679999997,-12.434629866666652,-8.713412974999997,0.08375840000000777,1.9240508600000084,3.9977312400000073,3.1869583750000032,3.644625500000018,-3.4889015400000147,-2.697700915328156,7.4344470454420275,4.131172690307167,3.2294833160317613,4.388845306831853,-0.2167764641318968,5.9017029714108435,7.782430118163376,1.2555100200859215,1.2836886669309564,3.6988337962094135,3.8968329328772313,,2.7333166188317217,1.3850767849095575,1.2444561117802806
Europe,0.4084913905032878,1.3229370961544025,-5.142809652035238,-8.725254084255768,-11.511807391854015,-9.817307568524717,-13.278924834260538,-12.504465931434444,-7.350049910611543,-9.432170458977765,-10.845476692816543,-10.12907443837411,-7.093728225521455,-6.219996968278207,-6.831186795426551,-6.516952802996603,-6.256437860470491,-4.147116143392728,-3.8627624187511196,-2.301826999604154,-3.06368836147619,-2.301400937803387,-2.7264308418773453,1.3428173308230054,-1.5374433210163616,-4.33535631155944,-1.8836167427775032,-1.2015547817817356,1.831729969530331,-1.0519310010166383,1.2099118682611958,0.521063761965007,-1.3249755692488638,-0.9858207641743318,3.371103191153625,0.13225497085499888,-0.5558863015632082,-0.7084414399100929,-2.0752941375292404,0.08866570013890386,0.5726303171117127,1.5988310083333692,11.707557897028682,2.600255836419751,-4.121481539406452,-2.277060715125314,1.0718155181243083
NW,1.611015660000021,1.977051880000019,2.0315484199999934,-2.6799563000000006,-0.8419099399999936,-1.4034914000000072,-4.328181220000005,-3.011828319999992,-0.8831973000000062,-1.6989733199999932,-3.0791377799999964,-0.6469765399999972,-2.5673156399999897,-0.5458374399999855,-3.1607496800000088,-4.670947800000008,-4.9195687000000135,-3.131248100000008,-0.823786400000003,-6.6980358,-0.6805973400000056,-10.61257886,-5.685976640000009,-2.6415740200000077,-6.120870980000007,-4.5030310199999946,-7.3949086249999985,-5.977799724999998,-6.236621239999992,-4.9622011600000056,-5.060463920000005,-6.559322816570513,-4.807755702982932,-5.008220729726105,0.4834774402528126,-4.847199391065941,-6.049393366554058,-4.281569010848358,-5.889486198557904,-2.176932774779189,1.0865193194436529,-3.285279991003634,1.879182759126792,-1.5792578666666657,-3.95439396634518,-4.440499382028278,1.0353594732721376
NER,-2.8357049399999994,-3.4200765599999983,3.2733930599999894,-8.1593302,-9.14825854,-13.936022219999998,-17.377368259999994,-22.10829736000001,-11.298186499999984,-9.242008760000003,6.224276700000003,-4.807213180000005,-15.443147820000007,-3.565704359999998,-1.0476193500000193,-1.0763337399999957,2.1001891999999884,-2.3776350999999916,2.574754280000008,3.2621289199999954,0.6953218600000071,-1.138954859999984,-1.1668153800000027,4.535611550000013,1.762348975000009,0.3830793400000089,0.4505880199999978,2.863966320000017,-2.3797566400000107,3.040251980000022,6.688045466666665,17.073128552122668,6.846323140080828,6.605554901540202,7.798148518158896,6.990220921665652,5.926785705379274,2.5384783972149734,3.2727629205162567,4.21116585407178,9.458366279437458,4.294175388602199,2.5204080586411948,2.067817460000001,4.100682227363478,2.9075825600095295,0.9692601293781706
SR,0.12962841999998884,-3.974181540000004,-2.63455728000001,-22.51180139999998,-24.32658318,-28.58154714000001,-21.710487119999986,-21.91426232000001,-25.497510375000005,-20.3750967,-15.441117199999995,-14.581105080000016,-11.047783439999991,-9.910351139999989,-15.120083824999995,-9.927953979999998,-9.895474339999991,-11.627676319999992,-10.187611840000015,-11.425662679999988,-11.649062439999994,-7.86631758,-2.5840224999999895,-5.813631549999982,-5.089634875000002,-7.98538628,-4.205077400000008,-5.494875659999992,-8.345242879999986,-1.1860463400000043,-3.3098178000000047,4.63795831914014,-0.45255009141502,3.3507467161687714,13.016994649375365,5.229984878149678,0.07153664359347545,-5.336789231237134,-4.141764722263404,3.626470181856732,-2.862564260622065,2.1203938920218803,1.4907816334556399,3.102064640000009,-3.689219764674263,0.5535666212527701,0.9299816091186128
IE,1.5557768600000088,3.1880441800000057,-7.389415233333324,-1.4182611999999892,-9.221565599999991,-10.8210847,-15.878498224999989,-11.517683949999993,-13.868988739999994,-7.697517200000008,-12.608440759999993,-6.035676979999992,-5.467113080000003,-5.509856775000002,-2.2017102799999857,-0.2685890599999965,-1.3627266200000037,0.8752745000000033,-2.0006423600000005,0.2809053599999629,0.117491859999987,-1.392681500000009,,1.9436962000000049,3.795362200000014,-0.1667663599999969,2.4668026000000083,2.2407313199999948,4.330511019999989,-1.4620116800000034,1.2684669199999945,2.290141797296158,2.991516002037826,1.585101415809092,-0.6721119885722969,0.22296705967852404,2.9209220402560447,0.2481524192625244,0.4162576495891273,1.7229564271029003,7.273130869720106,4.536871024260306,14.572095473092231,-2.888016100000001,3.7997019331132975,5.62486900539767,0.8293282626227239
DE,-3.503259780000008,0.5726896600000089,-0.9372922199999892,-8.95536842,-11.650504979999996,-7.165385900000004,-12.832822533333342,-9.42006182499999,-6.568116466666666,-14.529725040000002,-10.996774540000017,-15.323234075000002,-8.50728875,-7.394862175,-14.080523999999995,-2.6836487800000133,-7.511883119999991,-8.124966420000009,-3.785450880000013,-5.233564880000003,-4.192495879999996,-5.62012596000001,-6.693816540000015,-1.4185385749999997,-3.8599600000000014,-0.18475033999999368,-1.2306143400000025,-2.9917254000000066,1.1359003399999918,-2.5108984799999945,3.0588770000000096,3.3021691386792043,-5.252124598473671,-0.1247561470348444,13.901380720518274,-0.3785053746930771,-0.3208385462037029,1.9478949779330603,-3.7219816498824088,-0.7197980032868401,,,,-3.4225919666666584,-11.684834455057054,-4.022337371907327,0.0527607035563733
Kansai ,-3.003872000000001,-3.1585847200000075,-3.7077165666666616,-3.9572844199999935,-0.5121490199999954,-4.972605599999994,-4.034106399999999,-7.870146399999983,,-14.892673799999983,-11.452893840000002,-8.647523840000005,-8.687486100000001,-7.152356339999982,-2.7396828199999987,-4.787115439999994,-4.419519859999994,-3.9323455199999837,-3.3944819000000024,-8.920664224999996,-0.5660065000000003,-3.0020320999999934,-0.006010400000008076,10.302315166666661,-3.965422775000008,0.8837793600000197,0.4815142200000082,-3.4099198000000115,-2.249422800000005,1.7636555333333348,-5.652563919999992,1.701728210950364,-0.5620766572220077,-2.136525053513168,-3.0444918375566203,1.5509716741319437,1.37231855853463,-0.8223576284076161,1.2690774272527108,-0.7366256623263183,0.24648306825341135,-2.3380066379172604,6.508539618148348,,-3.8402641750013937,3.1682800308256134,-0.04304557815967769
BE,-1.7839311200000054,-3.7434042399999896,-9.37053060000001,-19.733369099999987,-18.394333700000004,-16.442457819999987,-15.932832875000004,-14.278721675,-11.9417873,-10.611517080000011,-10.934701500000005,-7.9682876499999935,-1.2261505499999998,-4.3385592749999935,-3.144634824999997,-4.9339911799999925,-4.855941979999983,-5.32700552,-2.613392239999996,-0.9363472200000159,-3.287901600000012,-5.070675640000005,-7.176656440000002,5.909243575000005,0.308449600000003,-7.431207220000003,-1.3401497199999994,-4.905067959999997,-3.003476219999996,-5.9765948400000175,-0.2840577800000119,-3.2703417186719577,-7.994050703995214,-2.9661476809712615,2.1424704279255025,-8.286150136409987,-0.7245468916987505,-3.786350692235061,-4.392516642343948,-1.312497604057171,-2.3840065169908087,-2.856661093860623,7.055907962670388,-1.1176194333333456,-4.169196531028405,0.3204608186874793,-0.3091585202188725
IT,0.5402796200000068,-5.6943725000000285,-21.172639139999987,-29.72328892,-33.50896994,-29.76163279999999,-28.406552125000005,-14.584303999999989,-15.154880566666675,-14.7581215,-11.539410900000007,-10.691199979999991,-11.084680980000002,-15.249036474999995,-10.63722774,-16.243638419999996,-14.675967180000017,-10.70565782,-11.820080879999994,-6.128368739999986,-8.16809954,-6.12856020000001,4.2441688199999845,6.178737325,-5.319626825,-8.617754779999999,-8.110582260000001,-1.9286597999999917,-4.237326519999995,-0.8175554199999908,-3.495757660000009,-2.3013298890125498,-1.0550349279073004,-0.8157085160690941,-1.6784747664573132,-2.2741836699474334,-6.065361664317976,-4.4773237351850526,-4.640075891801629,3.381028218537025,-3.932539203207327,-2.965200534424355,32.985105056538174,11.335731766666667,-13.109863286878223,-4.930585433399585,-0.4154026463802154
MIDW,-3.1289327599999983,-2.850563380000011,-5.923516179999992,-7.641497639999997,-10.788381819999984,-9.090182360000012,-7.4078517199999965,-6.7496508800000035,-12.812385980000002,-9.464897539999997,-6.268309819999999,-5.711522360000004,-3.6802093800000084,-5.86113752,-1.6919435599999986,-3.3954765200000026,-6.767805260000018,-3.046083199999998,-0.04922197999999866,-8.494593080000001,-5.026888899999988,4.191101920000008,-6.181395579999987,2.4672894999999926,-2.8189549200000097,4.1982505799999785,7.604226724999989,-8.399502999999996,-1.0158857399999874,-4.697702419999999,-5.851516419999997,-4.389771301595714,-3.6842955384454967,0.18787647346300676,-1.8694392733648328,-0.8947029987281212,-4.597831508842674,-2.0935495346541586,-1.184921976390001,-3.4627326966438687,-0.3267176260795708,-2.7332372818540165,1.7849107837326839,-2.6371110999999843,0.018807724734998036,-0.4593608936997526,-0.5017016747410423
TEX,-3.3398402399999867,0.6980243999999942,2.3076964600000025,0.5251202600000227,-0.2819786399999913,1.5568564800000075,-2.6706563999999986,-6.712780019999998,-9.765040119999997,-5.792376899999994,-4.724612100000002,-13.098397320000005,-8.888248300000015,-7.240519519999991,-4.240165839999989,1.4930574599999886,-3.2563511400000067,-0.941856266666676,0.4333371800000094,-4.550691700000002,-0.09323496000000377,3.328968460000013,0.7352134999999862,1.168469200000004,-1.8188632399999989,-3.986151620000001,7.125231675000008,4.773329599999983,4.006677900000001,0.32538693999998713,-2.8632849599999872,-1.2422972945739303,4.229718417483228,13.231706395037762,4.311526402327331,1.4850274515749078,-0.8230271985856206,1.7118680454907318,0.8912166952808462,3.2215004751769527,1.6101045511558851,2.542693034659976,1.355986420843351,-0.976002600000001,5.811604934546082,8.36341255972033,-0.5296193225176324
MIDA,-3.347816259999973,-4.650676140000017,-9.220374559999996,-5.8986162000000055,-10.693027979999997,-10.226464899999996,-8.86343740000001,-2.5570073800000017,-8.188585799999998,-7.6645027800000065,-5.229080180000012,-14.430215900000007,-9.852267479999997,-3.6007080399999865,1.3763801200000074,-16.076713420000004,-3.1462776800000114,-6.354418466666673,1.8209795799999997,-3.3010204800000054,6.775259100000013,3.2784850800000096,-3.917022400000008,1.6166239399999969,-12.856679760000004,3.795206219999997,4.166863499999991,0.04817892500000198,8.735540020000016,-9.874306620000011,-10.009455979999998,-2.4830673674834434,-3.816474716220668,-0.6819218840626888,0.032830983288903326,6.8331407421990775,-17.1305084826286,-9.012072472311216,-13.336007020547399,-7.816460916751993,8.611650418733106,-4.655246046808443,-10.609036634371222,-0.593873566666673,0.5331222163247986,6.232384363987053,-0.890847368540193
TEN,-4.247607439999996,2.2339605599999857,-6.335016820000009,-9.083149620000016,-11.584422840000002,-9.806737420000003,-3.9005041399999953,-2.389422600000003,-3.524562660000015,-8.019974979999986,-6.2350895200000025,-3.4951635000000043,-4.675637899999998,-7.703882919999997,-3.371946839999993,-3.36927996,-1.3897613399999926,0.9875351333333242,-2.7403969399999824,-2.849160420000004,-1.5977480000000102,-0.3714113399999803,-0.2156436399999961,0.6339143000000149,0.7200781800000016,-0.2601908999999978,2.9444736999999885,1.3992116499999838,2.49460526,-3.1159447200000017,-0.6944077999999791,-1.1890053235314468,-0.7138136074016899,0.3307604926095564,2.0398206457211217,1.4913691127791395,-5.3146412875885005,3.244639477608714,-1.4426193807881162,-1.369703197606697,6.856740566156817,-2.3258864149001965,0.17957395456116387,8.846055233333333,3.0558740767995967,4.85662679193733,-0.9515076465790456
BLV,22.85421979400353,11.347652961010597,-0.5510270476025738,-25.0136914086942,-27.747564606947687,-32.113402262289036,-33.88472894734812,-29.218621002054828,-22.367342207880174,-28.80462499272201,-29.19654751441668,-20.567392943578483,-14.464509785593693,-11.621880539793407,-14.684574845965484,-13.824475607915332,-14.183886699705115,-13.15918247119022,-6.487120738625054,-13.261747660861573,-8.930509264006261,-5.815938576496109,-2.638222572824276,-9.460665340466546,-3.0046285060719105,-10.418130587413216,-2.218461548251341,-7.1088576350331465,-5.057151907476623,0.7546808758836789,0.7694057522645608,,,,,11.165478857095394,21.56475479589139,4.464764878091684,12.318788784250726,4.9083280365125725,1.0307198222059668,-2.1646113642034384,4.318419957472315,14.399225175000012,2.507151840918453,0.8040571443261655,-1.0421041133559186
LV,-0.4069330409079584,3.3771581106566373,-0.9833063036532792,-5.872340252494851,-5.642449811912371,-2.481880487025478,-4.756211417628464,-11.913026641831152,-4.897914050456464,-8.916334528044018,-8.100918483863225,-7.036001259475071,-4.058933924600737,-3.6298970935115586,-5.023515101943374,-4.401957773904853,-5.896510693173795,0.8556728500036286,-3.2168160050313617,-0.6577894439162719,-1.7053715613332798,0.7784546581717962,-1.4611347106882562,-2.1272588369558747,-2.6685991351248215,-2.0237046436642743,-0.8374792877700088,-2.7881021498886867,4.184912236849186,3.9568760365340983,1.3546374630522848,-0.9241562970957632,-4.5165052551039935,1.6442668278278063,5.317587492519365,0.9552269533572116,-2.9691177527935797,-0.7583564409863328,-0.26344389450405004,-6.933889481490822,,,,-2.450375600000001,-8.442644248036075,-5.433581186955578,-1.0571316789088598
SI,3.9293811799999934,0.1597184249999941,-9.53863964,-5.653646559999999,-18.524244120000006,-21.82294754,-17.11013045,-19.920101700000004,-13.098190000000002,-15.13595796,-11.05127494,-10.786871320000005,-16.63647942,-9.380661220000007,-13.709077719999984,-12.037422460000016,-12.282239933333347,-10.06552026,-9.180218660000008,-8.927860940000002,-6.9000918999999925,-5.673678639999992,-9.894379580000006,-2.1023065499999944,-8.269200449999985,-8.693812419999986,-7.093025879999999,-1.0831314200000008,-1.5722911399999902,-3.026863259999999,-4.542679919999983,-2.153032024023929,0.5549334736133461,1.497843325930944,1.825869004537296,-3.4927729753228505,-2.6800295142105743,-3.2230043309802454,-4.1267659452474845,-0.715350951524627,-1.9638944551364117,-2.9627036942233502,18.691966120840803,10.173802899999984,-5.675427952643645,-8.183597913102346,-1.401727597217814
USA,-0.5530914583333272,0.38966154833333055,-1.9103158133333327,-4.654195485000002,-6.9073046916666625,-6.005031005000002,-4.672053275000001,-4.043459781666667,-6.515776541666669,-6.742788448333332,-5.313996855000005,-6.043000066666669,-3.5613290650000025,-2.8242134716666647,-1.5773246649999966,-3.8107071950000027,-2.4984082266666725,0.31819818333332606,0.7949834716666698,-1.9976054750000038,-0.31213693833333406,-1.3640800133333286,-4.363076825000001,-0.24448999833333604,-2.40116468875,0.9737170716666638,0.6255602708333337,-0.3112486187500019,-0.8917976849999943,-3.941966759999996,-3.6351952799999983,-2.2188688571717528,-2.273782143979762,-0.7791332855572518,-0.7059394282894603,-1.9782305901966855,-6.471761530537145,-2.283790187204758,-2.2128621294684705,-1.5394011689656477,1.2143613122752395,-1.5412214962758657,1.6678652089016488,3.0572761944444466,1.2553178610976279,2.8584148535509932,-1.4922540648113873
NL,-5.75174625999999,-9.406833720000009,-7.482639280000001,-23.35406936,-16.965555980000005,-10.6576211,-21.86676576666665,-46.146580975000006,-12.801321675000011,-23.189255575000004,-20.412873020000006,-14.687208475000006,-14.48866905,-13.626562425000005,-9.135480599999994,-7.8096221600000035,-15.01507183999999,-10.383612779999991,-9.057949240000012,-7.8666514799999865,-14.204639080000007,-14.416624520000012,-15.632505159999996,2.0868648250000064,-2.0787777000000176,-7.885732339999991,-4.3255134600000105,-0.7291533400000105,-5.291146300000007,-14.703418420000006,3.4160984600000006,-5.7483372955807255,-10.585265008537988,-0.6306780852016516,6.661272547092807,-3.383653753438025,5.062905951248936,2.668763726779176,0.4661316178692374,3.877226277163032,0.2270482937316416,-0.13544488173246805,7.344797269129174,5.058070899999991,-1.6541937796486224,-1.892314911774335,-1.7156014272374307
FI,0.8729607200000089,1.5241975999999935,-3.646127100000001,-0.5800582399999854,-3.5523807999999946,3.099193074999988,-7.02811890000001,-8.147709024999997,-6.376934000000006,-3.687509320000018,-8.360554739999998,-8.110989250000003,-5.498749699999991,-11.175324720000004,-6.244377040000018,-1.4238429749999997,-0.3064652999999993,0.5365587400000038,-4.188892479999994,-2.7849697199999923,-5.998875480000024,-2.3898635799999965,-3.282703699999999,-4.994746275000012,-6.539536249999998,-7.974575339999987,-5.637046320000009,-3.2068017800000064,1.3120014799999922,0.5052784200000104,1.5333794000000296,-0.09605365368847174,-5.279863602438951,-4.6133631888257725,6.854833757073138,0.6633254502862229,-1.0600584090797156,0.0027198512728432434,-1.615844311995346,-1.3334557763591592,-0.7754147674651078,-1.73436962318398,5.395767772411048,-2.4329890000000063,-6.074938708060187,-0.56082525841299,-2.3398612046437957
CAL,12.798053840000007,14.050879620000005,13.485158959999993,0.2740317800000014,-5.40167851999999,-0.3559199400000068,-7.869808680000005,-4.585881080000006,-5.810213159999988,-4.053926279999999,-4.748292740000012,-3.4284911600000068,-5.778279440000006,-1.6751018599999978,-0.0941546800000026,-2.956206299999991,-8.791819659999987,-3.4039432000000147,-0.18332173999999668,-3.4040995000000147,-8.315816700000001,-11.294288379999998,-6.0216086399999975,-3.070380119999996,11.355343240000009,6.971312899999987,-11.804422825000005,3.4350819249999915,-7.9371907799999954,-2.5815538199999817,-8.12358626000001,2.614374364454932,-5.6758435245588705,1.7687608009651967,-5.644300579590862,-2.058622086819099,6.1298252821260055,-2.178351846549802,3.0420740065930403,0.5555475064045652,0.14542126263901878,-3.1864940461269384,2.094096941046857,-0.6154353000000015,0.04515802836206717,0.056657795053794764,-2.8384521837016905
Hokuriku,-0.04923130000000242,-1.7497524000000055,-2.022145633333352,-2.223314419999994,-1.2280936599999848,-6.29999248,-4.79409776,-6.519489219999982,,-24.554440549999995,-14.51337928000001,-5.696029399999987,-7.263271099999997,-9.915842740000015,-11.234792819999996,-8.33282054,-6.526613200000001,-5.134933180000004,-1.3613555000000022,-5.017144224999996,1.35631396666669,-7.771706379999998,-2.8652716999999934,8.62495913333332,3.983509399999989,-0.21069298000000455,-5.8412401399999965,-7.869044059999991,-3.5073660749999935,-7.119059533333343,-5.937950860000014,-2.2819612568453067,-0.05741105430612947,3.0718807887817974,-2.0256692186525527,2.439647385828806,0.36015626226107145,-3.4062921409353777,-0.9947724457476426,-2.656654369046436,0.2876351048164878,-3.5416781220668976,8.113399635586973,,-5.257979506163707,4.105706794841908,-3.3905891121625444
CENT,-7.9157861000000045,-0.9571959200000038,-2.637989380000008,-1.021542580000002,-10.34791752000001,-3.222612479999995,-0.3693607200000031,-8.002851960000013,-9.7488388,-7.256219560000004,-4.037425540000001,-14.279164660000005,-6.522024380000005,7.580058600000001,7.010728840000027,2.2212005999999893,-2.6767667400000046,0.4420711999999867,3.3337694600000134,-4.688981120000007,5.139622679999988,-6.6530107199999975,-13.387312699999995,-7.713009260000009,-19.17348052,-1.3764169000000095,-4.868582225000012,-11.819460774999996,-7.834895419999995,-15.94044178,-14.306368159999993,0.5573777824813959,-0.1252756820303489,-2.6841963173070558,-3.6087560344127785,-3.531543772460324,-18.24472510295429,-2.9019644287620565,-4.56765463422272,4.449945764283882,5.941876383674071,6.371092498724494,6.995763765239432,-0.3650717333333233,5.9365104432638836,7.674681546862104,-3.9752241235637764
NY,-0.07387023999999087,-3.5568423600000045,-5.000204699999983,-10.055081040000003,-10.804181779999993,-11.26328208000001,-9.871225620000004,-5.393839360000001,-9.076827140000006,-10.168557599999987,-8.715553040000017,-6.907620439999987,-1.9832517199999984,-9.4874499,-10.591625339999991,-9.85588792,-3.2770951800000176,0.6767372999999992,1.1872450400000076,-6.287867019999991,-5.5734074200000085,-8.158865060000025,-9.937579560000003,-1.5716133600000006,-7.778562200000009,-5.977293959999997,-2.7606886749999826,-0.1497071750000032,-4.27529917999999,-6.418334619999982,-3.226451420000004,-4.118951219646917,-3.3516340836215903,-2.8149681736423564,0.9353770841910459,-2.1571035733467028,-7.791652330630541,-5.511597807749951,-2.907484088101768,-2.9068857884226422,-3.6021034062895865,-1.9475610685756382,1.5619463415395956,2.0135860666666896,-2.8345865930056675,-0.9465809313088442,-4.3352689618824485
QLD,-3.0756437599999766,-7.27906544999999,-8.098033820000014,-7.975841520000002,-4.966682680000004,-7.85469482500001,-7.211736875000013,-5.420144739999998,-5.399527160000005,-4.348325000000003,-10.682493480000003,-0.5170878200000004,-6.113313059999997,-7.617740040000014,-2.6656247250000007,-4.0898149399999975,-8.317438320000008,-3.762454660000003,-1.2471403199999995,-2.2875574600000164,6.5547044600000115,-4.187916859999987,-2.0977389399999997,-6.936086825000004,-5.600872800000005,-10.407835979999987,-5.512893340000005,-0.921682319999988,-4.8619583199999985,-5.858933319999991,-6.791458640000003,-8.604810440723583,-4.6211446542440635,-4.571689915397187,-5.384942520543518,-3.0552010761881263,-4.360912586935385,0.08605208150231647,0.16208640821120926,8.632858275100872,-1.589562631139856,-2.313181747305336,6.455461630174781,6.495744599999996,6.131749905358403,-7.4919649683515095,-4.633255695461884
SW,7.684259439999992,2.243745780000012,3.25489988000001,-1.9267815200000056,-2.744164900000001,-3.2787290199999863,4.132627499999984,1.3718877400000054,1.666913859999994,-2.0618263800000136,7.240454799999995,3.2970880999999963,4.924931880000003,5.355081959999978,-3.0772505799999976,-0.8582103399999994,0.3302072799999962,-4.426132199999998,5.117213719999995,9.398109140000015,5.4111849800000025,4.5677927000000125,-5.512947580000002,2.7334175000000016,6.919745680000005,0.692840099999998,-1.5341974499999935,1.7781824499999883,0.2614650600000061,0.9508272000000204,3.0905640999999946,-4.504948149831974,-8.675465232761368,-3.085706324796405,-14.26478532847814,-14.610837767113182,-15.036011757357453,-3.93099662984028,3.8325564281225297,-2.069695124360109,-0.9971997103954492,-3.3694560697579305,5.194372129238816,5.552137700000002,2.3415561126387274,8.380189883353822,-5.017278812705001
RS,-3.307479340000014,6.455208719999988,4.159398079999988,0.5726553599999988,-8.161662100000001,-2.2739205000000027,-7.567347249999997,-10.21271396666667,11.705601600000007,-4.570798340000009,-3.026759339999998,-5.123550620000003,-4.625235560000006,-1.1685613200000091,-6.6597582200000005,-7.100000240000013,-4.539750199999986,0.8490902399999953,1.0287682600000068,-0.6840654199999959,-3.4382412600000123,-3.9502322799999945,-2.9744857799999953,3.9219379000000174,0.906147500000003,-2.891218960000004,-0.7818598400000099,1.4292917000000074,6.866594080000013,-0.12232894000000273,-0.7721271399999949,-0.054046359836263484,-0.12875312471997802,-1.782348273081027,7.1401292332116375,1.2574592035489331,0.01500299865237764,2.9443660569512247,-1.3704733478968194,6.302724221871841,0.8407582757686356,-17.333943833745664,-11.182303336719897,-5.6506511500000025,-17.09771997989661,-23.297148377424122,-6.397141984980777
AT,-3.2519436599999954,-0.8435991599999824,-6.41383218,-20.80215072,-19.75431526,-12.284969839999988,-14.509978074999992,-17.209992225000008,-9.737080399999996,-12.388176979999995,-13.520442920000008,-14.524298725000007,-13.978305149999995,-12.91880795,-12.689535099999999,-8.425763150000009,-7.739247280000002,-10.100310680000009,-7.978283740000008,-5.7199573000000035,-3.9848639800000143,-6.630480720000008,-3.4034390799999983,-3.6395578250000113,-7.812563725000004,-8.688032100000001,-7.763722460000012,-5.669379280000001,-0.4397084200000023,-7.268291300000001,-6.0891106800000045,-3.946239570820524,-6.4499734022057,-7.369179794096142,-2.2308998006347167,-4.776095796221412,-9.72546256513536,-9.87197235903878,-12.668300655904858,-7.43467087595387,-7.881196232637733,-4.949961655401823,14.015602873087206,4.810328866666652,-12.812654342108758,-10.688260870494505,-6.872437492609308
BG,0.6671580999999946,6.648812300000002,-2.7372674400000108,2.798172739999984,-4.2058254199999965,-8.339254759999989,-18.706710849999997,-10.840680274999995,-0.4217788666666705,-7.101710033333348,-10.64151486,-4.628364725000012,-13.059454479999983,-7.370578680000008,-3.391761500000001,-8.582484539999996,-8.970204880000011,-7.431235019999987,-1.6238585199999989,2.3957358399999857,-2.9909728000000086,-4.532036020000007,-2.07491752,0.35864407499998663,-5.909161299999994,-2.9321769400000046,-0.8235382500000128,-4.464365639999984,0.06285504000001653,-4.023193300000003,3.1483998599999983,0.9731546856424133,-3.113947930064072,-9.854562147073182,-0.4677678343448122,-3.8876830443514905,0.8926993524822251,-3.4997071231452708,-10.902672230975726,1.828427084825336,6.457226170234293,14.31553441415123,19.90912003173206,8.317396766666647,-2.0672251174079435,0.6208902619862613,-7.113552442698363
ES,2.1123169800000032,1.2979670400000032,-8.885668819999992,-14.605968399999995,-23.65373346,-24.611898974999992,-15.252788250000007,-10.640046420000004,-15.089488766666674,-15.328185480000002,-12.943590799999996,-12.27058864,-8.025565900000004,-9.779375840000013,-8.902925279999991,-8.148267420000009,-5.156351699999988,-4.427281679999979,-3.782902800000002,-2.008708499999983,-4.357463460000004,-0.18005087999999606,-4.665613640000005,5.038767149999998,-3.1392547499999917,-2.8137565199999983,-7.278584179999981,-1.1562147399999958,-0.08842300000002012,-3.23831294,-5.041047899999995,-2.742851843144635,-1.6004622388787342,0.9809414455339578,-4.408865203100618,-0.924847826551172,-4.760308020085745,-6.477734326828724,-3.2340447128116523,-4.610013910738799,2.101968340019184,-0.8692287641489713,10.510669905851103,-2.0738767000000142,-8.028662252114856,-15.93400541263783,-7.3253090406789605
GR,-0.4365025249999945,-1.6402725750000116,-8.813199859999997,-0.7792823666666635,-7.867813560000003,-12.193854400000005,-12.058739700000006,-19.6036747,-4.615309150000002,-13.255242160000007,-8.790733820000012,-7.544763220000008,-12.611883160000005,-11.217717300000004,-11.902422424999996,-13.692887299999995,-7.049364399999988,-7.911304540000002,-7.7223626800000025,5.418906359999981,-0.11200147999998933,-8.297507580000001,1.7312895799999952,-8.975331924999992,0.17312037499999633,-1.2742799800000029,1.7412854200000254,-3.794946719999999,-5.038475259999999,-3.6537876199999886,-4.7612303800000015,0.2479945970853521,-3.4014638886136477,-0.4823215935872156,-3.168569875423884,1.827341967749831,1.2915831207754709,-1.9181912915687889,0.3343567881316005,4.719561714320236,-1.573228702021794,-1.1996125206151476,6.874906722064337,2.773710066666652,-7.490913748786099,-6.7231683387858405,-7.435711911977067
NE,-3.0622622200000085,-3.9600897199999987,-5.12871706,-6.1835766800000025,-5.713925019999992,-10.928447920000009,-7.426003659999991,-7.468185559999995,-9.549927799999992,-11.371424439999998,-12.729264780000006,-7.185983720000009,-3.871491420000012,-3.5922923799999893,-0.5345477000000187,-8.84040379999999,1.086858339999992,14.197789999999983,6.440186580000002,5.682672039999972,3.388827759999998,2.657586280000018,-3.1902462600000088,5.3460512400000075,-2.2666628249999974,8.972529839999991,4.013784600000008,9.793526850000006,0.3930558200000007,-1.314263859999997,,-2.3347455670786275,1.9288075704166656,1.0716176519129448,2.9428603191428517,-5.2991897994850214,-4.1714239606097285,-7.4460160338560115,-1.325618010454761,-5.1536158979062625,-6.842519349024329,-3.2680614332953155,-1.2544814792246228,-2.3146009666666743,-4.1015288963322964,-2.87964063571863,-9.052728310226684
TAS,-4.0446008199999985,-3.854217750000004,-10.068976179999991,0.031117080000015562,6.44818076,7.707705274999995,3.0292075250000043,6.564875900000003,-8.081310950000002,3.3419155499999817,-0.5690593199999938,-9.72790719999999,4.4865686000000125,-3.920801520000012,6.443231975000002,-8.446261179999992,-11.406442839999983,-7.040324580000004,-1.0725880000000103,2.548362620000006,0.580108580000001,-2.2179701400000056,-7.7655042399999985,8.83042082499999,3.656166624999997,0.9353173400000117,-4.693056940000004,5.574426459999998,4.80777916000001,9.871137559999994,12.547522279999995,13.097335500104547,-2.3299527868330188,10.750605697371924,-4.288519338865001,10.61658691801695,10.013004773835616,-1.3729112541433892,4.625007220401173,9.879022055022359,-6.932555069780989,4.355352482701335,-1.7853994574445975,6.203400566666659,-5.277982414325336,-12.999827015932679,-15.098873053955176
Australia,-1.9873970799999934,-7.2637187187500025,-11.115244970000006,-5.014780274999996,-5.544538395000007,-5.919683043750005,-3.5156969937500016,3.723308499999998,-4.406651810000007,-7.541307693749996,-6.810692305,0.5957740800000018,-3.506832084999999,-4.6469496700000015,-4.225350175000003,1.4952443449999988,-2.719371474999999,-3.7069609350000015,-0.721784680000002,-6.671450555000001,-2.3291332649999923,-4.98467338999999,-5.614358160000002,6.046139700000001,-0.7823662562500002,-4.380972344999993,-10.088504040000004,-3.866102685000001,-0.8772828249999982,-1.4821456850000019,-4.238687420000005,1.7055667499811984,1.4054984450986228,-1.7929775100082956,-1.7532585312423412,-0.22319861732927754,-2.587035120314102,-7.260684784668467,-5.205322985772238,-2.9219036452462896,-12.762994462894245,-3.1000502882152077,3.863691189838712,-4.273744158333336,-10.338816092277956,-16.073607637929495,-18.020092412634774
NSW,0.8954634800000036,-9.663260975000012,-11.681467240000005,-2.630297959999993,-8.736806980000011,-3.377605850000009,-9.866516875000002,-1.3820435600000138,-6.465323600000005,-8.503399125000001,-4.367155760000003,0.621359379999987,1.8407114999999976,-5.132310099999998,4.843084349999998,2.2509030199999955,-4.999656899999991,-6.613021799999999,2.4775740599999954,6.221933660000019,-2.91055437999998,-0.3553971199999921,2.068953780000001,6.751598924999996,1.1882679750000025,-11.769763999999995,-5.771491080000003,-0.1311623600000047,-9.618164799999988,-5.685394180000002,-4.522837100000004,0.4413593821727631,-2.949960743125004,0.4019407783444535,-1.8523712802175964,1.7503672317394459,-4.6028505532044335,-6.067065371025223,-2.104333488900039,7.079745227134353,-11.728254953866553,-3.5963317726184414,7.017219090573463,-7.1262531000000005,-13.732890000645142,-17.041445533202335,-18.663602727926573
VIC,-4.513790120000009,-1.3107001000000054,-10.074152339999998,0.4962565600000062,-3.5002676200000025,-1.6443714250000028,0.29142964999999776,4.593515459999992,-9.553684200000006,-6.1945975999999945,-5.448888920000003,-1.8891982399999847,-7.760559540000003,-3.4192065600000063,-0.4172181750000021,-3.548846560000001,0.15663385999999946,1.7719202999999908,3.4836413200000043,-7.270449479999996,-2.5828300400000046,-1.6183995399999986,-3.4727691599999986,-3.8870511000000083,-6.530766299999996,-0.4922021399999892,-9.535856640000006,-12.493322099999999,2.5502321199999898,-6.888865920000014,-8.711397520000006,4.8575332504879905,-5.439210200072224,-4.195132978965901,-6.333569057396133,-1.1075521372221715,-0.3622175693968757,-4.56134243601538,0.4059014891901285,-3.3815637835695327,-14.773871233547569,1.6440476002456847,10.83083877398066,-4.035045133333342,-8.977823528455403,-16.598629552082045,-20.650681713700045
SA,-1.2556179199999915,-10.80184835,-14.607326480000012,-9.949238179999996,-4.974396300000009,-10.802060075,2.724036125000012,17.101906840000012,3.7919277199999897,-11.118909049999983,-6.744231059999991,4.168023000000005,-1.994167239999996,-2.4185419799999863,-18.661642150000006,11.36873586,2.282975460000003,-6.224287579999995,-7.601213780000008,-23.34972894000001,-10.377853099999996,-13.776980039999984,-18.95587832000001,28.25609780000002,7.813906099999998,5.14591274,-19.533775100000003,-1.9182439600000123,8.420759700000005,12.50461068,3.070943579999991,10.128184807987623,18.63230937783578,1.192972075985452,6.557848733187883,1.5195915123537418,-1.0221597717197142,-18.50038341313558,-19.28494635159025,-24.01865429965085,-22.960289033023006,-8.134735233182738,-8.848754735374056,-12.429423,-24.776300745369678,-23.16239049808209,-28.132829513450602
GB,-3.2686121599999893,-2.320170699999992,0.5296160799999967,-14.41526906,-13.372065020000008,-11.409244,-19.287281766666666,-20.040319475000004,-17.453425859999996,-16.094973433333326,-19.04366263999998,-15.341178279999996,-10.40041339999999,-11.992952120000012,-3.4376378599999957,-14.660921580000007,-21.078523179999987,-7.1556047800000036,-7.549241280000004,-15.895167719999991,-9.577661759999998,-4.7479884800000045,-6.438824019999983,-5.8332757000000015,-3.4992221199999847,0.1488263499999931,3.1469650750000118,0.4202445600000289,-5.985097259999988,-6.124669139999981,9.559164440000018,0.8965794374946654,-4.92602579595507,3.809503344880412,4.672250878623842,-0.27919861441230864,0.3051979964906195,6.274457848209707,,,,,,,,,
